Schaefer_Region,Brainnetome_Region,Overlap_Percentage
1,195,51.37614678899083
1,105,27.339449541284406
1,119,6.055045871559633
1,103,5.871559633027523
1,197,0.1834862385321101
1,217,0.1834862385321101
1,1,0.0
1,2,0.0
1,3,0.0
1,4,0.0
2,105,42.857142857142854
2,205,25.643300798580306
2,189,19.077196095829635
2,195,7.364685004436557
2,107,0.8873114463176575
2,193,0.354924578527063
2,1,0.0
2,2,0.0
2,3,0.0
2,4,0.0
3,201,30.261348005502064
3,107,28.473177441540575
3,205,11.141678129298487
3,91,10.31636863823934
3,97,8.390646492434662
3,105,3.0261348005502064
3,85,0.1375515818431912
3,1,0.0
3,2,0.0
3,3,0.0
4,195,63.63636363636363
4,191,15.28046421663443
4,189,12.76595744680851
4,197,2.7079303675048356
4,1,0.0
4,2,0.0
4,3,0.0
4,4,0.0
4,5,0.0
4,6,0.0
5,205,52.54901960784314
5,203,34.509803921568626
5,193,0.130718954248366
5,1,0.0
5,2,0.0
5,3,0.0
5,4,0.0
5,5,0.0
5,6,0.0
5,7,0.0
6,119,25.766871165644172
6,181,20.858895705521473
6,197,19.631901840490798
6,195,12.269938650306749
6,215,4.294478527607362
6,217,0.6134969325153374
6,1,0.0
6,2,0.0
6,3,0.0
6,4,0.0
7,193,52.215568862275454
7,189,17.12574850299401
7,203,13.17365269461078
7,191,9.820359281437126
7,205,1.9161676646706587
7,194,1.0778443113772456
7,190,0.23952095808383234
7,1,0.0
7,2,0.0
7,3,0.0
8,201,51.47679324894515
8,143,28.973277074542896
8,85,10.68917018284107
8,123,2.5316455696202533
8,199,0.5625879043600562
8,135,0.42194092827004215
8,97,0.14064697609001406
8,1,0.0
8,2,0.0
8,3,0.0
9,203,58.51197982345523
9,199,30.76923076923077
9,205,4.4136191677175285
9,193,1.3871374527112232
9,1,0.0
9,2,0.0
9,3,0.0
9,4,0.0
9,5,0.0
9,6,0.0
10,197,53.61702127659574
10,191,32.340425531914896
10,151,6.170212765957447
10,192,1.5957446808510638
10,181,1.4893617021276597
10,195,0.5319148936170213
10,193,0.425531914893617
10,1,0.0
10,2,0.0
10,3,0.0
11,199,41.958887545344616
11,135,27.81136638452237
11,201,14.147521160822249
11,205,8.706166868198308
11,143,1.4510278113663846
11,1,0.0
11,2,0.0
11,3,0.0
11,4,0.0
11,5,0.0
12,197,67.55162241887905
12,151,24.778761061946902
12,191,1.4749262536873156
12,207,0.5899705014749262
12,153,0.2949852507374631
12,1,0.0
12,2,0.0
12,3,0.0
12,4,0.0
12,5,0.0
13,207,39.015817223198596
13,191,19.68365553602812
13,193,10.017574692442881
13,197,7.732864674868189
13,209,5.711775043936731
13,203,4.042179261862917
13,194,2.460456942003515
13,151,1.3181019332161688
13,192,0.5272407732864675
13,1,0.0
14,209,24.396442185514612
14,199,23.252858958068614
14,135,20.584498094027953
14,207,15.628970775095299
14,203,8.640406607369759
14,1,0.0
14,2,0.0
14,3,0.0
14,4,0.0
14,5,0.0
15,73,71.16357504215851
15,79,9.443507588532883
15,163,4.0472175379426645
15,77,3.87858347386172
15,61,1.6863406408094435
15,169,1.0118043844856661
15,157,0.6745362563237773
15,39,0.33726812816188867
15,173,0.16863406408094433
15,1,0.0
16,71,39.84867591424969
16,73,31.147540983606557
16,145,8.953341740226985
16,75,5.170239596469105
16,157,3.909205548549811
16,79,3.0264817150063053
16,163,0.25220680958385877
16,1,0.0
16,2,0.0
16,3,0.0
17,163,39.7979797979798
17,171,17.575757575757574
17,157,16.565656565656568
17,145,12.525252525252526
17,73,5.656565656565657
17,61,0.20202020202020202
17,1,0.0
17,2,0.0
17,3,0.0
17,4,0.0
18,61,45.83333333333333
18,157,35.339506172839506
18,53,6.635802469135803
18,73,2.6234567901234565
18,171,2.006172839506173
18,63,0.7716049382716049
18,155,0.30864197530864196
18,173,0.15432098765432098
18,1,0.0
18,2,0.0
19,145,54.66321243523316
19,157,41.19170984455959
19,1,0.0
19,2,0.0
19,3,0.0
19,4,0.0
19,5,0.0
19,6,0.0
19,7,0.0
19,8,0.0
20,155,47.5177304964539
20,53,33.56973995271868
20,157,8.39243498817967
20,159,1.3002364066193852
20,61,0.2364066193853428
20,1,0.0
20,2,0.0
20,3,0.0
20,4,0.0
20,5,0.0
21,53,63.4469696969697
21,155,10.416666666666668
21,55,8.712121212121213
21,63,5.492424242424242
21,1,0.0
21,2,0.0
21,3,0.0
21,4,0.0
21,5,0.0
21,6,0.0
22,9,34.19117647058824
22,185,30.14705882352941
22,67,13.786764705882353
22,183,8.63970588235294
22,65,1.1029411764705883
22,68,1.1029411764705883
22,10,0.5514705882352942
22,1,0.0
22,2,0.0
22,3,0.0
23,159,62.96296296296296
23,155,9.49074074074074
23,161,1.8518518518518516
23,1,0.0
23,2,0.0
23,3,0.0
23,4,0.0
23,5,0.0
23,6,0.0
23,7,0.0
24,155,52.37226277372263
24,57,16.05839416058394
24,161,13.686131386861314
24,53,4.197080291970803
24,1,0.0
24,2,0.0
24,3,0.0
24,4,0.0
24,5,0.0
24,6,0.0
25,131,56.91056910569105
25,129,21.40921409214092
25,159,2.710027100271003
25,161,0.27100271002710025
25,1,0.0
25,2,0.0
25,3,0.0
25,4,0.0
25,5,0.0
25,6,0.0
26,57,54.92730210016155
26,53,16.80129240710824
26,59,7.592891760904685
26,55,6.78513731825525
26,155,2.5848142164781907
26,161,0.48465266558966075
26,1,0.0
26,2,0.0
26,3,0.0
26,4,0.0
27,161,52.574525745257446
27,159,13.279132791327914
27,131,12.466124661246612
27,1,0.0
27,2,0.0
27,3,0.0
27,4,0.0
27,5,0.0
27,6,0.0
27,7,0.0
28,55,43.83057090239411
28,7,26.519337016574585
28,59,13.259668508287293
28,9,5.524861878453039
28,1,0.0
28,2,0.0
28,3,0.0
28,4,0.0
28,5,0.0
28,6,0.0
29,67,33.02752293577982
29,65,21.376146788990827
29,59,12.568807339449542
29,161,8.623853211009175
29,149,5.5045871559633035
29,57,3.0275229357798166
29,9,1.743119266055046
29,68,1.743119266055046
29,131,0.45871559633027525
29,66,0.3669724770642202
30,161,68.62068965517241
30,57,23.448275862068964
30,1,0.0
30,2,0.0
30,3,0.0
30,4,0.0
30,5,0.0
30,6,0.0
30,7,0.0
30,8,0.0
31,107,45.98070739549839
31,91,17.926045016077172
31,105,10.45016077170418
31,101,8.19935691318328
31,103,6.028938906752412
31,89,4.742765273311897
31,99,1.6881028938906755
31,97,0.8842443729903537
31,1,0.0
31,2,0.0
32,85,48.17749603803487
32,97,46.75118858954041
32,123,1.5847860538827259
32,201,0.7923930269413629
32,91,0.6339144215530903
32,99,0.31695721077654515
32,1,0.0
32,2,0.0
32,3,0.0
32,4,0.0
33,209,34.797891036906854
33,135,34.62214411247803
33,127,12.478031634446397
33,133,7.9086115992970125
33,137,4.745166959578207
33,1,0.0
33,2,0.0
33,3,0.0
33,4,0.0
33,5,0.0
34,139,51.71102661596958
34,159,21.482889733840306
34,155,12.357414448669202
34,1,0.0
34,2,0.0
34,3,0.0
34,4,0.0
34,5,0.0
34,6,0.0
34,7,0.0
35,159,53.92156862745098
35,139,18.137254901960784
35,129,10.53921568627451
35,1,0.0
35,2,0.0
35,3,0.0
35,4,0.0
35,5,0.0
35,6,0.0
35,7,0.0
36,129,70.34313725490196
36,133,12.254901960784313
36,137,5.392156862745098
36,139,1.4705882352941175
36,1,0.0
36,2,0.0
36,3,0.0
36,4,0.0
36,5,0.0
36,6,0.0
37,127,50.814332247557005
37,209,13.355048859934854
37,125,6.514657980456026
37,133,2.2801302931596092
37,147,1.3029315960912053
37,207,0.16286644951140067
37,1,0.0
37,2,0.0
37,3,0.0
37,4,0.0
38,133,63.109756097560975
38,125,7.01219512195122
38,129,3.6585365853658534
38,137,3.353658536585366
38,127,0.3048780487804878
38,1,0.0
38,2,0.0
38,3,0.0
38,4,0.0
38,5,0.0
39,147,46.97885196374622
39,149,26.73716012084592
39,125,13.444108761329304
39,127,3.927492447129909
39,150,2.56797583081571
39,131,0.1510574018126888
39,153,0.1510574018126888
39,154,0.1510574018126888
39,1,0.0
39,2,0.0
40,125,32.591414944356124
40,131,32.432432432432435
40,149,6.677265500794912
40,161,5.246422893481717
40,133,1.2718600953895072
40,147,0.1589825119236884
40,1,0.0
40,2,0.0
40,3,0.0
40,4,0.0
41,55,45.06666666666666
41,25,36.8
41,7,11.066666666666666
41,63,1.866666666666667
41,53,0.13333333333333333
41,1,0.0
41,2,0.0
41,3,0.0
41,4,0.0
41,5,0.0
42,7,43.68600682593857
42,3,19.624573378839592
42,25,17.4061433447099
42,23,5.460750853242321
42,1,0.0
42,2,0.0
42,4,0.0
42,5,0.0
42,6,0.0
42,8,0.0
43,63,65.21739130434783
43,17,9.903381642512077
43,29,9.178743961352657
43,53,4.5893719806763285
43,1,0.0
43,2,0.0
43,3,0.0
43,4,0.0
43,5,0.0
43,6,0.0
44,145,33.50694444444444
44,71,27.430555555555557
44,75,22.04861111111111
44,141,12.67361111111111
44,123,0.1736111111111111
44,1,0.0
44,2,0.0
44,3,0.0
44,4,0.0
44,5,0.0
45,145,50.79136690647482
45,139,33.38129496402878
45,157,3.884892086330935
45,159,2.5899280575539567
45,155,0.7194244604316548
45,71,0.28776978417266186
45,1,0.0
45,2,0.0
45,3,0.0
45,4,0.0
46,141,51.49812734082397
46,145,25.65543071161049
46,139,9.737827715355806
46,75,0.18726591760299627
46,1,0.0
46,2,0.0
46,3,0.0
46,4,0.0
46,5,0.0
46,6,0.0
47,169,32.577903682719544
47,173,20.821529745042493
47,171,16.997167138810198
47,163,12.747875354107649
47,73,5.240793201133145
47,77,2.4079320113314444
47,167,1.9830028328611897
47,165,1.2747875354107647
47,157,0.424929178470255
47,79,0.141643059490085
48,37,39.872068230277186
48,167,38.16631130063966
48,51,12.57995735607676
48,173,3.8379530916844353
48,165,0.21321961620469082
48,1,0.0
48,2,0.0
48,3,0.0
48,4,0.0
48,5,0.0
49,173,49.31506849315068
49,61,25.684931506849317
49,171,14.383561643835616
49,37,2.73972602739726
49,39,0.3424657534246575
49,1,0.0
49,2,0.0
49,3,0.0
49,4,0.0
49,5,0.0
50,63,33.73737373737374
50,39,23.03030303030303
50,173,9.090909090909092
50,29,8.686868686868687
50,61,8.080808080808081
50,53,4.646464646464646
50,37,3.6363636363636362
50,73,1.0101010101010102
50,167,0.40404040404040403
50,1,0.0
51,15,69.69465648854963
51,23,10.839694656488549
51,19,9.236641221374047
51,5,0.6870229007633588
51,21,0.3053435114503817
51,3,0.15267175572519084
51,1,0.0
51,2,0.0
51,4,0.0
51,6,0.0
52,183,35.80562659846547
52,1,32.992327365728904
52,9,14.066496163682865
52,179,2.941176470588235
52,11,2.557544757033248
52,177,1.4066496163682864
52,184,1.4066496163682864
52,180,0.639386189258312
52,2,0.0
52,3,0.0
53,185,39.61965134706815
53,149,37.08399366085578
53,65,12.519809825673534
53,153,1.2678288431061806
53,131,0.31695721077654515
53,150,0.15847860538827258
53,1,0.0
53,2,0.0
53,3,0.0
53,4,0.0
54,9,66.41221374045801
54,7,13.358778625954198
54,10,4.3893129770992365
54,1,3.2442748091603053
54,67,0.5725190839694656
54,68,0.19083969465648853
54,2,0.0
54,3,0.0
54,4,0.0
54,5,0.0
55,45,56.92599620493358
55,49,23.719165085388994
55,43,7.2106261859582546
55,165,1.5180265654648957
55,1,0.0
55,2,0.0
55,3,0.0
55,4,0.0
55,5,0.0
55,6,0.0
56,49,34.988713318284425
56,47,28.442437923250562
56,45,23.175319789315274
56,50,1.203912716328066
56,41,1.0534236267870578
56,48,0.601956358164033
56,223,0.4514672686230248
56,187,0.3009781790820165
56,27,0.15048908954100826
56,42,0.07524454477050413
57,103,41.79775280898876
57,109,17.97752808988764
57,93,13.48314606741573
57,115,11.235955056179774
57,215,3.8202247191011236
57,111,2.8089887640449436
57,117,2.696629213483146
57,69,0.5617977528089888
57,211,0.5617977528089888
57,217,0.22471910112359553
58,101,27.76148582600195
58,103,21.407624633431084
58,89,19.35483870967742
58,93,10.948191593352883
58,107,10.068426197458455
58,95,5.669599217986314
58,111,1.466275659824047
58,113,1.0752688172043012
58,217,0.4887585532746823
58,109,0.19550342130987292
59,69,68.1967213114754
59,117,9.672131147540984
59,103,3.606557377049181
59,211,3.4426229508196724
59,49,0.32786885245901637
59,45,0.16393442622950818
59,93,0.16393442622950818
59,109,0.16393442622950818
59,165,0.16393442622950818
59,213,0.16393442622950818
60,77,71.35135135135135
60,69,10.81081081081081
60,73,2.7027027027027026
60,169,2.4324324324324325
60,79,0.8108108108108109
60,43,0.2702702702702703
60,1,0.0
60,2,0.0
60,3,0.0
60,4,0.0
61,141,73.84615384615385
61,139,5.714285714285714
61,137,2.417582417582418
61,1,0.0
61,2,0.0
61,3,0.0
61,4,0.0
61,5,0.0
61,6,0.0
61,7,0.0
62,137,73.41576506955178
62,135,8.809891808346213
62,133,4.945904173106646
62,129,1.3910355486862442
62,139,0.7727975270479135
62,127,0.1545595054095827
62,1,0.0
62,2,0.0
62,3,0.0
62,4,0.0
63,139,79.53488372093022
63,137,5.813953488372093
63,159,3.255813953488372
63,129,2.0930232558139537
63,141,1.3953488372093024
63,1,0.0
63,2,0.0
63,3,0.0
63,4,0.0
63,5,0.0
64,99,55.31609195402298
64,81,24.71264367816092
64,85,8.477011494252872
64,97,4.022988505747127
64,101,3.1609195402298855
64,91,1.8678160919540232
64,95,0.14367816091954022
64,121,0.14367816091954022
64,1,0.0
64,2,0.0
65,45,44.89795918367347
65,43,39.51762523191095
65,27,6.8645640074211505
65,51,3.339517625231911
65,37,0.1855287569573284
65,1,0.0
65,2,0.0
65,3,0.0
65,4,0.0
65,5,0.0
66,27,24.546952224052717
66,51,23.88797364085667
66,35,16.96869851729819
66,21,14.497528830313014
66,43,9.060955518945635
66,19,4.612850082372323
66,31,0.9884678747940692
66,1,0.0
66,2,0.0
66,3,0.0
67,19,69.60110041265474
67,27,19.80742778541953
67,13,1.3755158184319118
67,5,0.8253094910591471
67,21,0.1375515818431912
67,1,0.0
67,2,0.0
67,3,0.0
67,4,0.0
67,6,0.0
68,21,63.33333333333333
68,31,18.650793650793652
68,19,3.7301587301587302
68,15,3.3333333333333335
68,23,2.4603174603174605
68,35,0.31746031746031744
68,33,0.15873015873015872
68,1,0.0
68,2,0.0
68,3,0.0
69,17,37.51507840772014
69,29,24.96984318455971
69,31,12.062726176115802
69,21,9.529553679131483
69,23,4.945717732207479
69,33,1.3268998793727382
69,63,0.24125452352231602
69,1,0.0
69,2,0.0
69,3,0.0
70,17,45.75260804769001
70,63,31.594634873323397
70,25,11.475409836065573
70,23,1.3412816691505216
70,53,0.14903129657228018
70,55,0.14903129657228018
70,1,0.0
70,2,0.0
70,3,0.0
70,4,0.0
71,151,64.13662239089184
71,127,8.159392789373813
71,207,6.83111954459203
71,147,6.261859582542694
71,209,5.1233396584440225
71,197,2.2770398481973433
71,153,1.3282732447817838
71,191,0.18975332068311196
71,1,0.0
71,2,0.0
72,175,33.17307692307692
72,181,21.153846153846153
72,177,10.096153846153847
72,185,2.8846153846153846
72,1,0.0
72,2,0.0
72,3,0.0
72,4,0.0
72,5,0.0
72,6,0.0
73,177,60.36585365853659
73,183,4.878048780487805
73,185,4.878048780487805
73,184,2.4390243902439024
73,180,1.2195121951219512
73,1,0.0
73,2,0.0
73,3,0.0
73,4,0.0
73,5,0.0
74,83,43.41147938561035
74,69,16.976556184316895
74,93,15.844785772029102
74,77,12.045270816491511
74,95,5.335489086499596
74,79,2.263540824575586
74,103,0.4850444624090542
74,43,0.08084074373484236
74,1,0.0
74,2,0.0
75,95,36.03603603603604
75,81,22.779922779922778
75,83,18.01801801801802
75,101,13.77091377091377
75,99,5.276705276705277
75,87,3.474903474903475
75,1,0.0
75,2,0.0
75,3,0.0
75,4,0.0
76,79,48.61995753715499
76,87,39.06581740976646
76,83,3.9278131634819533
76,75,2.0169851380042463
76,77,1.5923566878980893
76,73,0.743099787685775
76,81,0.5307855626326964
76,1,0.0
76,2,0.0
76,3,0.0
77,87,47.522236340533674
77,75,17.280813214739517
77,81,14.485387547649301
77,121,8.513341804320202
77,85,3.176620076238882
77,79,2.9224904701397714
77,71,0.12706480304955528
77,1,0.0
77,2,0.0
77,3,0.0
78,121,30.3970223325062
78,75,28.03970223325062
78,123,23.076923076923077
78,85,8.436724565756824
78,141,0.9925558312655087
78,71,0.620347394540943
78,87,0.37220843672456577
78,81,0.24813895781637718
78,143,0.12406947890818859
78,1,0.0
79,143,64.3510054844607
79,123,22.486288848263253
79,85,8.409506398537477
79,141,0.5484460694698354
79,1,0.0
79,2,0.0
79,3,0.0
79,4,0.0
79,5,0.0
79,6,0.0
80,135,57.02875399361022
80,143,32.74760383386581
80,1,0.0
80,2,0.0
80,3,0.0
80,4,0.0
80,5,0.0
80,6,0.0
80,7,0.0
80,8,0.0
81,141,50.63938618925832
81,143,38.87468030690537
81,75,0.2557544757033248
81,1,0.0
81,2,0.0
81,3,0.0
81,4,0.0
81,5,0.0
81,6,0.0
81,7,0.0
82,143,53.77446411929171
82,137,21.062441752096923
82,141,13.42031686859273
82,135,0.5591798695246971
82,1,0.0
82,2,0.0
82,3,0.0
82,4,0.0
82,5,0.0
82,6,0.0
83,43,29.743589743589745
83,165,27.17948717948718
83,51,25.982905982905987
83,167,5.299145299145299
83,45,0.6837606837606838
83,69,0.3418803418803419
83,77,0.3418803418803419
83,173,0.17094017094017094
83,1,0.0
83,2,0.0
84,187,48.473967684021545
84,41,24.775583482944345
84,49,14.362657091561939
84,178,1.0771992818671454
84,42,0.718132854578097
84,47,0.718132854578097
84,50,0.5385996409335727
84,177,0.3590664272890485
84,188,0.3590664272890485
84,223,0.3590664272890485
85,51,36.757990867579906
85,35,30.82191780821918
85,37,21.689497716894977
85,167,2.5114155251141552
85,43,1.82648401826484
85,1,0.0
85,2,0.0
85,3,0.0
85,4,0.0
85,5,0.0
86,27,38.79231473010064
86,41,24.153705397987192
86,47,17.108874656907595
86,13,11.61939615736505
86,45,0.4574565416285453
86,187,0.36596523330283626
86,48,0.2744739249771272
86,42,0.18298261665141813
86,1,0.0
86,2,0.0
87,33,32.66033254156769
87,39,18.646080760095014
87,37,15.439429928741092
87,35,14.251781472684085
87,31,4.275534441805226
87,29,3.9192399049881232
87,63,1.3064133016627077
87,167,0.7125890736342043
87,1,0.0
87,2,0.0
88,187,45.585874799357946
88,179,24.077046548956663
88,13,20.706260032102726
88,41,5.9390048154093105
88,177,0.8025682182985553
88,188,0.4815409309791332
88,42,0.16051364365971107
88,178,0.16051364365971107
88,1,0.0
88,2,0.0
89,13,60.98522167487685
89,5,16.25615763546798
89,19,4.827586206896552
89,41,1.9704433497536946
89,15,1.7733990147783252
89,14,0.9852216748768473
89,11,0.8866995073891626
89,179,0.3940886699507389
89,12,0.2955665024630542
89,1,0.0
90,179,46.62273476112026
90,11,23.88797364085667
90,177,6.425041186161449
90,13,6.260296540362438
90,180,2.9654036243822075
90,187,2.800658978583196
90,12,0.4942339373970346
90,1,0.16474464579901155
90,183,0.16474464579901155
90,2,0.0
91,5,59.726027397260275
91,3,9.452054794520548
91,11,6.986301369863014
91,15,2.054794520547945
91,12,0.136986301369863
91,13,0.136986301369863
91,1,0.0
91,2,0.0
91,4,0.0
91,6,0.0
92,11,58.92597968069666
92,1,26.995645863570395
92,12,6.2409288824383164
92,13,2.467343976777939
92,5,2.0319303338171264
92,2,0.0
92,3,0.0
92,4,0.0
92,6,0.0
92,7,0.0
93,23,43.23529411764706
93,25,17.941176470588236
93,17,16.029411764705884
93,1,0.0
93,2,0.0
93,3,0.0
93,4,0.0
93,5,0.0
93,6,0.0
93,7,0.0
94,3,46.45760743321719
94,23,39.721254355400696
94,25,3.2520325203252036
94,5,1.2775842044134729
94,15,1.1614401858304297
94,1,0.0
94,2,0.0
94,4,0.0
94,6,0.0
94,7,0.0
95,1,38.629737609329446
95,3,30.612244897959183
95,7,7.871720116618077
95,5,5.539358600583091
95,9,0.5830903790087464
95,2,0.0
95,4,0.0
95,6,0.0
95,8,0.0
95,10,0.0
96,151,51.94805194805194
96,181,32.467532467532465
96,153,3.339517625231911
96,197,2.2263450834879404
96,154,0.1855287569573284
96,192,0.1855287569573284
96,1,0.0
96,2,0.0
96,3,0.0
96,4,0.0
97,153,49.85754985754986
97,175,25.498575498575498
97,151,5.555555555555555
97,181,5.413105413105413
97,154,5.270655270655271
97,176,0.2849002849002849
97,197,0.14245014245014245
97,1,0.0
97,2,0.0
97,3,0.0
98,175,41.02564102564102
98,185,35.43123543123543
98,153,3.9627039627039626
98,186,3.0303030303030303
98,176,2.331002331002331
98,177,2.097902097902098
98,149,0.6993006993006993
98,183,0.4662004662004662
98,1,0.0
98,2,0.0
99,153,58.333333333333336
99,147,22.95918367346939
99,149,6.122448979591836
99,154,3.4013605442176873
99,175,2.5510204081632653
99,151,1.0204081632653061
99,150,0.3401360544217687
99,185,0.17006802721088435
99,1,0.0
99,2,0.0
100,113,23.265895953757227
100,103,21.38728323699422
100,111,15.606936416184972
100,119,9.971098265895954
100,217,7.369942196531793
100,115,5.635838150289017
100,215,2.167630057803468
100,195,0.5780346820809248
100,105,0.4335260115606936
100,109,0.1445086705202312
101,108,38.471177944862156
101,104,34.21052631578947
101,102,12.155388471177945
101,106,9.774436090225564
101,90,1.3784461152882206
101,112,1.3784461152882206
101,114,0.6265664160401002
101,218,0.12531328320802004
101,1,0.0
101,2,0.0
102,114,18.639053254437872
102,196,17.75147928994083
102,120,15.088757396449704
102,104,14.497041420118343
102,112,7.396449704142012
102,106,5.9171597633136095
102,218,4.585798816568047
102,216,1.4792899408284024
102,108,0.4437869822485207
102,116,0.4437869822485207
103,106,45.49689440993789
103,196,17.857142857142858
103,206,17.236024844720497
103,190,8.540372670807454
103,108,5.978260869565218
103,1,0.0
103,2,0.0
103,3,0.0
103,4,0.0
103,5,0.0
104,196,66.61608497723824
104,192,16.5402124430956
104,190,7.283763277693475
104,198,4.400606980273141
104,191,0.15174506828528073
104,1,0.0
104,2,0.0
104,3,0.0
104,4,0.0
104,5,0.0
105,202,65.49707602339181
105,206,20.321637426900587
105,98,5.263157894736842
105,86,0.7309941520467835
105,92,0.29239766081871343
105,106,0.14619883040935672
105,108,0.14619883040935672
105,1,0.0
105,2,0.0
105,3,0.0
106,190,37.865055387713994
106,204,17.220543806646525
106,194,16.717019133937562
106,206,15.307150050352467
106,189,0.7049345417925479
106,192,0.4028197381671702
106,1,0.0
106,2,0.0
106,3,0.0
106,4,0.0
107,198,46.41909814323608
107,182,12.9973474801061
107,120,9.549071618037134
107,196,8.753315649867375
107,152,3.978779840848806
107,218,2.6525198938992043
107,216,0.7957559681697612
107,1,0.0
107,2,0.0
107,3,0.0
108,204,47.80915287244401
108,206,26.582278481012654
108,200,17.526777020447906
108,202,0.5842259006815969
108,1,0.0
108,2,0.0
108,3,0.0
108,4,0.0
108,5,0.0
108,6,0.0
109,192,59.683794466403164
109,198,23.3201581027668
109,194,11.067193675889328
109,191,3.557312252964427
109,190,1.3175230566534915
109,152,0.13175230566534915
109,1,0.0
109,2,0.0
109,3,0.0
109,4,0.0
110,198,60.259740259740255
110,152,33.246753246753244
110,182,0.5194805194805194
110,1,0.0
110,2,0.0
110,3,0.0
110,4,0.0
110,5,0.0
110,6,0.0
110,7,0.0
111,200,47.5
111,136,28.676470588235293
111,202,20.88235294117647
111,206,1.0294117647058822
111,1,0.0
111,2,0.0
111,3,0.0
111,4,0.0
111,5,0.0
111,6,0.0
112,204,21.869782971619365
112,208,20.95158597662771
112,200,20.70116861435726
112,194,18.113522537562606
112,210,9.265442404006679
112,1,0.0
112,2,0.0
112,3,0.0
112,4,0.0
112,5,0.0
113,198,44.5095168374817
113,192,22.401171303074673
113,152,16.544655929721817
113,194,6.734992679355783
113,208,2.635431918008785
113,154,0.43923865300146414
113,191,0.14641288433382138
113,1,0.0
113,2,0.0
113,3,0.0
114,208,62.90672451193059
114,210,11.496746203904555
114,194,3.036876355748373
114,198,2.6030368763557483
114,152,0.6507592190889371
114,192,0.43383947939262474
114,1,0.0
114,2,0.0
114,3,0.0
114,4,0.0
115,210,55.03685503685504
115,136,17.444717444717444
115,138,12.285012285012286
115,200,6.511056511056511
115,128,0.2457002457002457
115,1,0.0
115,2,0.0
115,3,0.0
115,4,0.0
115,5,0.0
116,74,43.85382059800664
116,72,23.089700996677742
116,76,12.624584717607974
116,164,6.64451827242525
116,158,3.9867109634551494
116,146,1.8272425249169437
116,62,0.16611295681063123
116,1,0.0
116,2,0.0
116,3,0.0
117,76,56.79245283018868
117,72,26.037735849056602
117,80,7.169811320754717
117,88,3.3962264150943398
117,146,1.1320754716981132
117,124,0.18867924528301888
117,1,0.0
117,2,0.0
117,3,0.0
117,4,0.0
118,172,34.29319371727749
118,158,26.96335078534031
118,164,25.916230366492147
118,146,4.712041884816754
118,174,1.5706806282722512
118,74,1.0471204188481675
118,1,0.0
118,2,0.0
118,3,0.0
118,4,0.0
119,146,72.11055276381909
119,72,19.09547738693467
119,164,2.512562814070352
119,74,1.507537688442211
119,158,1.256281407035176
119,1,0.0
119,2,0.0
119,3,0.0
119,4,0.0
119,5,0.0
120,62,54.48028673835126
120,158,25.089605734767023
120,54,7.885304659498208
120,74,4.659498207885305
120,64,0.7168458781362007
120,76,0.35842293906810035
120,1,0.0
120,2,0.0
120,3,0.0
120,4,0.0
121,158,89.1156462585034
121,146,4.761904761904762
121,76,0.6802721088435374
121,172,0.6802721088435374
121,74,0.3401360544217687
121,164,0.3401360544217687
121,1,0.0
121,2,0.0
121,3,0.0
121,4,0.0
122,156,49.0272373540856
122,54,39.559014267185475
122,158,4.150453955901426
122,160,0.7782101167315175
122,62,0.38910505836575876
122,64,0.38910505836575876
122,1,0.0
122,2,0.0
122,3,0.0
122,4,0.0
123,186,69.8744769874477
123,66,13.807531380753138
123,10,3.765690376569038
123,68,0.8368200836820083
123,185,0.41841004184100417
123,1,0.0
123,2,0.0
123,3,0.0
123,4,0.0
123,5,0.0
124,160,74.0343347639485
124,156,10.085836909871244
124,140,0.4291845493562232
124,1,0.0
124,2,0.0
124,3,0.0
124,4,0.0
124,5,0.0
124,6,0.0
124,7,0.0
125,156,39.097744360902254
125,58,24.06015037593985
125,54,21.553884711779446
125,56,6.7669172932330826
125,160,0.2506265664160401
125,1,0.0
125,2,0.0
125,3,0.0
125,4,0.0
125,5,0.0
126,10,44.946236559139784
126,68,30.107526881720432
126,186,6.881720430107527
126,66,4.946236559139785
126,2,0.43010752688172044
126,9,0.21505376344086022
126,1,0.0
126,3,0.0
126,4,0.0
126,5,0.0
127,156,59.943977591036415
127,58,22.969187675070028
127,162,4.761904761904762
127,160,0.8403361344537815
127,1,0.0
127,2,0.0
127,3,0.0
127,4,0.0
127,5,0.0
127,6,0.0
128,132,46.3768115942029
128,130,31.15942028985507
128,160,4.710144927536232
128,162,3.6231884057971016
128,1,0.0
128,2,0.0
128,3,0.0
128,4,0.0
128,5,0.0
128,6,0.0
129,58,61.5530303030303
129,60,17.424242424242426
129,156,9.848484848484848
129,56,1.7045454545454544
129,162,0.946969696969697
129,1,0.0
129,2,0.0
129,3,0.0
129,4,0.0
129,5,0.0
130,162,53.90070921985816
130,160,28.368794326241137
130,132,6.382978723404255
130,156,0.3546099290780142
130,1,0.0
130,2,0.0
130,3,0.0
130,4,0.0
130,5,0.0
130,6,0.0
131,56,45.49618320610687
131,8,20.610687022900763
131,10,11.755725190839694
131,60,10.687022900763358
131,58,2.1374045801526718
131,1,0.0
131,2,0.0
131,3,0.0
131,4,0.0
131,5,0.0
132,66,35.733333333333334
132,150,25.6
132,162,21.866666666666667
132,132,2.4
132,65,0.5333333333333333
132,68,0.26666666666666666
132,1,0.0
132,2,0.0
132,3,0.0
132,4,0.0
133,68,53.46820809248555
133,60,28.757225433526013
133,66,5.491329479768786
133,10,3.1791907514450863
133,162,3.0346820809248554
133,67,1.0115606936416186
133,186,0.2890173410404624
133,65,0.1445086705202312
133,1,0.0
133,2,0.0
134,162,76.20967741935483
134,58,3.6290322580645165
134,60,3.6290322580645165
134,156,0.4032258064516129
134,1,0.0
134,2,0.0
134,3,0.0
134,4,0.0
134,5,0.0
134,6,0.0
135,108,37.79264214046823
135,98,22.5752508361204
135,92,16.97324414715719
135,102,8.277591973244148
135,100,4.765886287625419
135,202,4.3478260869565215
135,86,1.9230769230769231
135,206,1.0033444816053512
135,90,0.16722408026755853
135,104,0.08361204013377926
136,86,33.7782340862423
136,136,29.97946611909651
136,144,22.381930184804926
136,202,10.369609856262834
136,98,1.2320328542094456
136,1,0.0
136,2,0.0
136,3,0.0
136,4,0.0
136,5,0.0
137,140,33.95225464190981
137,160,28.381962864721483
137,146,13.262599469496022
137,158,9.283819628647215
137,156,6.36604774535809
137,1,0.0
137,2,0.0
137,3,0.0
137,4,0.0
137,5,0.0
138,140,76.15894039735099
138,130,5.960264900662252
138,160,1.7660044150110374
138,142,0.22075055187637968
138,1,0.0
138,2,0.0
138,3,0.0
138,4,0.0
138,5,0.0
138,6,0.0
139,140,44.339622641509436
139,160,34.66981132075472
139,130,15.330188679245282
139,1,0.0
139,2,0.0
139,3,0.0
139,4,0.0
139,5,0.0
139,6,0.0
139,7,0.0
140,128,49.23747276688453
140,148,11.328976034858387
140,210,9.586056644880173
140,208,3.7037037037037033
140,1,0.0
140,2,0.0
140,3,0.0
140,4,0.0
140,5,0.0
140,6,0.0
141,134,38.37837837837838
141,130,32.072072072072075
141,140,15.675675675675677
141,138,3.063063063063063
141,132,0.36036036036036034
141,1,0.0
141,2,0.0
141,3,0.0
141,4,0.0
141,5,0.0
142,128,25.263157894736842
142,134,24.210526315789473
142,126,21.98830409356725
142,210,6.081871345029239
142,138,3.0409356725146197
142,130,0.23391812865497078
142,148,0.11695906432748539
142,1,0.0
142,2,0.0
142,3,0.0
143,150,42.01909959072306
143,126,22.510231923601637
143,148,20.8731241473397
143,128,3.2742155525238745
143,132,1.364256480218281
143,154,0.4092769440654843
143,1,0.0
143,2,0.0
143,3,0.0
143,4,0.0
144,132,42.31404958677686
144,126,28.09917355371901
144,150,2.975206611570248
144,130,0.3305785123966942
144,162,0.3305785123966942
144,1,0.0
144,2,0.0
144,3,0.0
144,4,0.0
144,5,0.0
145,56,76.83168316831683
145,26,9.306930693069306
145,8,3.3663366336633667
145,1,0.0
145,2,0.0
145,3,0.0
145,4,0.0
145,5,0.0
145,6,0.0
145,7,0.0
146,8,42.022116903633496
146,26,35.54502369668246
146,4,11.374407582938389
146,56,1.8957345971563981
146,1,0.0
146,2,0.0
146,3,0.0
146,5,0.0
146,6,0.0
146,7,0.0
147,64,44.714459295261236
147,40,24.787363304981774
147,30,16.038882138517618
147,18,2.3086269744835968
147,62,2.3086269744835968
147,34,2.0656136087484813
147,54,2.0656136087484813
147,1,0.0
147,2,0.0
147,3,0.0
148,86,31.568228105906314
148,144,27.494908350305497
148,124,21.58859470468432
148,122,13.238289205702646
148,88,1.6293279022403258
148,82,0.8146639511201629
148,1,0.0
148,2,0.0
148,3,0.0
148,4,0.0
149,124,43.36734693877551
149,142,23.97959183673469
149,144,9.948979591836734
149,76,8.928571428571429
149,122,3.316326530612245
149,146,1.7857142857142856
149,72,0.25510204081632654
149,82,0.25510204081632654
149,1,0.0
149,2,0.0
150,146,79.93697478991596
150,140,4.30672268907563
150,158,3.8865546218487395
150,76,3.571428571428571
150,142,1.365546218487395
150,72,1.050420168067227
150,124,0.21008403361344538
150,1,0.0
150,2,0.0
150,3,0.0
151,64,55.012224938875306
151,56,16.13691931540342
151,54,10.268948655256724
151,18,9.04645476772616
151,1,0.0
151,2,0.0
151,3,0.0
151,4,0.0
151,5,0.0
151,6,0.0
152,78,45.23160762942779
152,170,37.87465940054496
152,166,6.267029972752043
152,70,1.08991825613079
152,174,1.08991825613079
152,74,0.8174386920980926
152,1,0.0
152,2,0.0
152,3,0.0
152,4,0.0
153,74,46.54255319148936
153,164,15.558510638297873
153,170,15.425531914893616
153,172,7.3138297872340425
153,78,5.98404255319149
153,62,0.5319148936170213
153,76,0.13297872340425532
153,80,0.13297872340425532
153,88,0.13297872340425532
153,174,0.13297872340425532
154,38,57.96703296703297
154,168,28.021978021978022
154,52,7.967032967032966
154,34,0.27472527472527475
154,1,0.0
154,2,0.0
154,3,0.0
154,4,0.0
154,5,0.0
154,6,0.0
155,174,30.786516853932582
155,62,25.39325842696629
155,38,15.280898876404494
155,168,8.314606741573034
155,172,6.741573033707865
155,74,5.168539325842696
155,40,2.134831460674157
155,158,1.5730337078651686
155,170,1.1235955056179776
155,1,0.0
156,2,35.075653370013754
156,184,27.097661623108664
156,10,12.242090784044017
156,180,7.565337001375516
156,12,1.5130674002751032
156,186,0.8253094910591471
156,183,0.5502063273727648
156,178,0.2751031636863824
156,1,0.0
156,3,0.0
157,66,35.09369676320272
157,150,27.086882453151617
157,186,24.701873935264054
157,154,2.2146507666098807
157,68,0.17035775127768313
157,1,0.0
157,2,0.0
157,3,0.0
157,4,0.0
157,5,0.0
158,10,41.61184210526316
158,2,28.125
158,8,22.203947368421055
158,1,0.0
158,3,0.0
158,4,0.0
158,5,0.0
158,6,0.0
158,7,0.0
158,9,0.0
159,46,40.04683840749414
159,50,31.26463700234192
159,48,21.662763466042154
159,28,0.351288056206089
159,224,0.351288056206089
159,42,0.117096018735363
159,1,0.0
159,2,0.0
159,3,0.0
159,4,0.0
160,46,52.503382949932345
160,44,17.320703653585927
160,50,10.960757780784844
160,52,5.142083897158322
160,166,3.3829499323410013
160,78,0.9472259810554804
160,1,0.0
160,2,0.0
160,3,0.0
160,4,0.0
161,28,48.80201765447667
161,48,36.44388398486759
161,14,6.17906683480454
161,42,5.170239596469105
161,46,0.6305170239596469
161,44,0.12610340479192939
161,1,0.0
161,2,0.0
161,3,0.0
161,4,0.0
162,70,43.61888111888112
162,104,20.716783216783217
162,94,15.909090909090908
162,118,5.681818181818182
162,84,4.458041958041958
162,212,1.3111888111888113
162,214,0.8741258741258742
162,110,0.4370629370629371
162,78,0.34965034965034963
162,116,0.26223776223776224
163,104,23.679577464788732
163,96,22.887323943661972
163,102,20.862676056338028
163,94,15.669014084507044
163,90,12.940140845070422
163,112,0.44014084507042256
163,218,0.44014084507042256
163,84,0.2640845070422535
163,110,0.08802816901408451
163,114,0.08802816901408451
164,110,25.183823529411764
164,104,17.09558823529412
164,112,15.808823529411764
164,116,14.522058823529413
164,216,9.742647058823529
164,118,5.698529411764706
164,212,0.7352941176470588
164,214,0.5514705882352942
164,218,0.5514705882352942
164,1,0.0
165,142,71.82448036951502
165,146,11.547344110854503
165,140,6.697459584295612
165,1,0.0
165,2,0.0
165,3,0.0
165,4,0.0
165,5,0.0
165,6,0.0
165,7,0.0
166,142,59.26829268292683
166,140,26.585365853658537
166,146,0.24390243902439024
166,1,0.0
166,2,0.0
166,3,0.0
166,4,0.0
166,5,0.0
166,6,0.0
166,7,0.0
167,138,66.4021164021164
167,140,10.978835978835978
167,210,4.62962962962963
167,134,3.1746031746031744
167,142,1.3227513227513228
167,128,0.9259259259259258
167,136,0.26455026455026454
167,1,0.0
167,2,0.0
167,3,0.0
168,82,36.65338645418327
168,100,30.942895086321382
168,86,20.584329349269588
168,102,7.03851261620186
168,98,2.257636122177955
168,88,0.796812749003984
168,92,0.13280212483399734
168,1,0.0
168,2,0.0
168,3,0.0
169,52,37.1900826446281
169,166,35.12396694214876
169,168,14.46280991735537
169,44,3.71900826446281
169,46,1.2396694214876034
169,170,0.8264462809917356
169,1,0.0
169,2,0.0
169,3,0.0
169,4,0.0
170,46,38.843813387423936
170,44,29.918864097363084
170,28,16.937119675456387
170,52,7.403651115618662
170,36,1.2170385395537524
170,22,1.1156186612576064
170,1,0.0
170,2,0.0
170,3,0.0
170,4,0.0
171,20,53.768844221105525
171,28,36.80904522613066
171,22,5.276381909547738
171,1,0.0
171,2,0.0
171,3,0.0
171,4,0.0
171,5,0.0
171,6,0.0
171,7,0.0
172,22,63.600782778864975
172,32,15.655577299412915
172,36,11.252446183953033
172,20,2.446183953033268
172,52,0.8806262230919765
172,28,0.3913894324853229
172,24,0.19569471624266144
172,1,0.0
172,2,0.0
172,3,0.0
173,18,21.566820276497694
173,30,18.986175115207374
173,22,14.838709677419354
173,32,12.995391705069123
173,24,11.797235023041475
173,34,7.649769585253456
173,64,2.488479262672811
173,1,0.0
173,2,0.0
173,3,0.0
174,16,44.01168451801363
174,20,43.135345666991235
174,22,4.186952288218111
174,24,0.6815968841285297
174,6,0.19474196689386564
174,1,0.0
174,2,0.0
174,3,0.0
174,4,0.0
174,5,0.0
175,24,62.94642857142857
175,16,22.321428571428573
175,4,0.2232142857142857
175,1,0.0
175,2,0.0
175,3,0.0
175,5,0.0
175,6,0.0
175,7,0.0
175,8,0.0
176,24,27.01722574796011
176,18,25.929283771532184
176,26,23.028105167724387
176,64,3.9891205802357206
176,56,3.0825022665457844
176,16,0.09066183136899365
176,1,0.0
176,2,0.0
176,3,0.0
176,4,0.0
177,152,75.31380753138075
177,208,8.577405857740587
177,128,5.02092050209205
177,198,3.1380753138075312
177,210,2.510460251046025
177,148,1.6736401673640167
177,154,0.8368200836820083
177,192,0.20920502092050208
177,1,0.0
177,2,0.0
178,176,32.05882352941177
178,186,25.0
178,182,13.23529411764706
178,178,1.1764705882352942
178,175,0.8823529411764706
178,185,0.8823529411764706
178,1,0.0
178,2,0.0
178,3,0.0
178,4,0.0
179,178,50.0
179,186,18.571428571428573
179,184,7.6190476190476195
179,176,0.4761904761904762
179,1,0.0
179,2,0.0
179,3,0.0
179,4,0.0
179,5,0.0
179,6,0.0
180,12,42.138364779874216
180,180,38.20754716981132
180,188,5.9748427672955975
180,2,2.6729559748427674
180,178,1.5723270440251573
180,184,0.628930817610063
180,1,0.0
180,3,0.0
180,4,0.0
180,5,0.0
181,2,45.50970873786408
181,12,29.85436893203883
181,8,8.25242718446602
181,4,6.067961165048544
181,6,3.8834951456310676
181,1,0.24271844660194172
181,3,0.0
181,5,0.0
181,7,0.0
181,9,0.0
182,136,62.579013906447535
182,144,22.376738305941846
182,138,10.745891276864729
182,1,0.0
182,2,0.0
182,3,0.0
182,4,0.0
182,5,0.0
182,6,0.0
182,7,0.0
183,144,62.57309941520468
183,142,32.865497076023395
183,138,0.11695906432748539
183,1,0.0
183,2,0.0
183,3,0.0
183,4,0.0
183,5,0.0
183,6,0.0
183,7,0.0
184,144,29.753265602322205
184,138,28.592162554426704
184,142,25.689404934687953
184,136,0.14513788098693758
184,140,0.14513788098693758
184,1,0.0
184,2,0.0
184,3,0.0
184,4,0.0
184,5,0.0
185,84,51.27478753541076
185,78,28.89518413597734
185,70,11.3314447592068
185,88,1.9830028328611897
185,94,1.41643059490085
185,96,1.0387157695939566
185,80,0.4721435316336166
185,1,0.0
185,2,0.0
185,3,0.0
186,88,26.89594356261023
186,82,25.573192239858905
186,84,22.57495590828924
186,96,12.698412698412698
186,100,5.64373897707231
186,102,4.761904761904762
186,1,0.0
186,2,0.0
186,3,0.0
186,4,0.0
187,88,43.39887640449438
187,80,29.49438202247191
187,78,10.955056179775282
187,76,6.601123595505618
187,74,2.528089887640449
187,84,0.1404494382022472
187,1,0.0
187,2,0.0
187,3,0.0
187,4,0.0
188,88,77.52100840336135
188,82,9.033613445378151
188,122,6.512605042016808
188,86,2.5210084033613445
188,76,0.42016806722689076
188,80,0.42016806722689076
188,1,0.0
188,2,0.0
188,3,0.0
188,4,0.0
189,122,46.45161290322581
189,88,21.50537634408602
189,80,20.0
189,76,2.3655913978494625
189,124,0.6451612903225806
189,1,0.0
189,2,0.0
189,3,0.0
189,4,0.0
189,5,0.0
190,36,24.73633748801534
190,34,24.256951102588687
190,52,22.33940556088207
190,38,16.874400767018216
190,40,4.1227229146692235
190,168,1.0546500479386385
190,32,0.9587727708533078
190,44,0.862895493767977
190,74,0.28763183125599234
190,78,0.09587727708533077
191,42,39.09090909090909
191,50,28.78787878787879
191,48,16.666666666666664
191,178,5.252525252525253
191,187,2.2222222222222223
191,188,1.2121212121212122
191,224,1.1111111111111112
191,49,0.7070707070707071
191,47,0.5050505050505051
191,1,0.0
192,188,51.438240270727576
192,42,18.781725888324875
192,14,11.505922165820643
192,178,9.137055837563452
192,187,2.199661590524535
192,12,1.5228426395939088
192,1,0.0
192,2,0.0
192,3,0.0
192,4,0.0
193,178,64.03508771929825
193,188,12.280701754385964
193,180,1.7543859649122806
193,1,0.0
193,2,0.0
193,3,0.0
193,4,0.0
193,5,0.0
193,6,0.0
193,7,0.0
194,14,49.446749654218536
194,12,17.842323651452283
194,6,11.20331950207469
194,28,8.506224066390041
194,20,2.4896265560165975
194,42,2.351313969571231
194,188,0.48409405255878285
194,180,0.13831258644536654
194,1,0.0
194,2,0.0
195,6,64.41586280814576
195,4,10.289389067524116
195,20,4.180064308681672
195,16,2.3579849946409435
195,2,0.5359056806002144
195,12,0.10718113612004287
195,14,0.10718113612004287
195,1,0.0
195,3,0.0
195,5,0.0
196,16,61.63873370577281
196,4,15.083798882681565
196,26,7.4487895716946
196,24,6.890130353817504
196,6,3.165735567970205
196,1,0.0
196,2,0.0
196,3,0.0
196,5,0.0
196,7,0.0
197,4,77.56410256410257
197,16,7.6923076923076925
197,26,2.1367521367521367
197,8,1.7094017094017095
197,1,0.0
197,2,0.0
197,3,0.0
197,5,0.0
197,6,0.0
197,7,0.0
198,152,63.01652892561983
198,182,20.24793388429752
198,198,6.198347107438017
198,154,3.71900826446281
198,1,0.0
198,2,0.0
198,3,0.0
198,4,0.0
198,5,0.0
198,6,0.0
199,154,48.37662337662338
199,176,29.87012987012987
199,182,5.51948051948052
199,152,4.112554112554113
199,186,2.1645021645021645
199,175,1.1904761904761905
199,198,0.5411255411255411
199,1,0.0
199,2,0.0
199,3,0.0
200,154,54.91228070175439
200,148,35.78947368421053
200,150,3.3333333333333335
200,152,3.1578947368421053
200,176,0.17543859649122806
200,1,0.0
200,2,0.0
200,3,0.0
200,4,0.0
200,5,0.0
